<?xml version="1.0" encoding="UTF-8"?>
<faces-config xmlns="http://java.sun.com/xml/ns/javaee" 
              xmlns:xsi="http://www.w3.org/2001/XMLSchema-instance" 
              xsi:schemaLocation="http://java.sun.com/xml/ns/javaee /WEB-INF/schema/web-facesconfig_2_0.xsd" 
              version="2.0" metadata-complete="false">
    <!-- This file must be present with our jar, even if it is empty.  Otherwise, our Java annotations won't get scanned! -->
<managed-bean>
	<managed-bean-name>employController</managed-bean-name>
    <managed-bean-class>com.java.jsf.EmployController</managed-bean-class>
    <managed-bean-scope>request</managed-bean-scope>
    <managed-property>
            <property-name>employDao</property-name>
            <property-class>com.java.jsf.EmployDAOImpl</property-class>
            <value>#{employDao}</value>
        </managed-property>
    <managed-property>
            <property-name>employ</property-name>
            <property-class>com.java.jsf.Employ</property-class>
            <value>#{employ}</value>
    </managed-property>
</managed-bean>
<managed-bean>
	<managed-bean-name>employDao</managed-bean-name>
    <managed-bean-class>com.java.jsf.EmployDAOImpl</managed-bean-class>
    <managed-bean-scope>request</managed-bean-scope>
</managed-bean>
<managed-bean>
	<managed-bean-name>employ</managed-bean-name>
    <managed-bean-class>com.java.jsf.Employ</managed-bean-class>
    <managed-bean-scope>request</managed-bean-scope>
</managed-bean>
</faces-config>