<?xml version="1.0" encoding="UTF-8" standalone="no"?>
<!-- Generated Oct 5, 2023, 3:39:11 PM by Hibernate Tools 3.6.2.Final --><!DOCTYPE hibernate-mapping PUBLIC "-//Hibernate/Hibernate Mapping DTD 3.0//EN" "http://www.hibernate.org/dtd/hibernate-mapping-3.0.dtd">
<hibernate-mapping auto-import="true" default-access="property" default-cascade="none" default-lazy="true">
    <class dynamic-insert="false" dynamic-update="false" mutable="true" name="com.java.canteen.Restaurant" optimistic-lock="version" polymorphism="implicit" select-before-update="false" table="RESTAURANT">
        <id name="restaurantID" type="int">
            <column name="RESTAURANT_ID"/>
            <generator class="assigned"/>
        </id>
        <property generated="never" lazy="false" name="restaurantName" optimistic-lock="true" type="java.lang.String" unique="false">
            <column name="RESTAURANT_NAME"/>
        </property>
        <property generated="never" lazy="false" name="branch" optimistic-lock="true" type="java.lang.String" unique="false">
            <column name="BRANCH"/>
        </property>
        <property generated="never" lazy="false" name="city" optimistic-lock="true" type="java.lang.String" unique="false">
            <column name="CITY"/>
        </property>
        <property generated="never" lazy="false" name="mobileNo" optimistic-lock="true" type="java.lang.String" unique="false">
            <column name="MOBILENO"/>
        </property>
        <property generated="never" lazy="false" name="email" optimistic-lock="true" type="java.lang.String" unique="false">
            <column name="EMAIL"/>
        </property>
        <property generated="never" lazy="false" name="rating" optimistic-lock="true" type="java.lang.Double" unique="false">
            <column name="RATING"/>
        </property>
    </class>
</hibernate-mapping>
